,0
Banashankari,0
Basavanagudi,1
Mysore Road,2
Jayanagar,3
Kumaraswamy Layout,4
Rajarajeshwari Nagar,5
Vijay Nagar,6
Uttarahalli,7
JP Nagar,8
South Bangalore,9
City Market,10
Bannerghatta Road,11
BTM,12
Kanakapura Road,13
Bommanahalli,14
Electronic City,15
Wilson Garden,16
Shanti Nagar,17
Koramangala 5th Block,18
Richmond Road,19
HSR,20
Koramangala 7th Block,21
Bellandur,22
Sarjapur Road,23
Marathahalli,24
Whitefield,25
East Bangalore,26
Old Airport Road,27
Indiranagar,28
Koramangala 1st Block,29
Frazer Town,30
MG Road,31
Brigade Road,32
Lavelle Road,33
Church Street,34
Ulsoor,35
Residency Road,36
Shivajinagar,37
Infantry Road,38
St. Marks Road,39
Cunningham Road,40
Race Course Road,41
Commercial Street,42
Vasanth Nagar,43
Domlur,44
Koramangala 8th Block,45
Ejipura,46
Jeevan Bhima Nagar,47
Old Madras Road,48
Seshadripuram,49
Kammanahalli,50
Koramangala 6th Block,51
Majestic,52
Langford Town,53
Central Bangalore,54
Brookefield,55
"ITPL Main Road, Whitefield",56
"Varthur Main Road, Whitefield",57
Koramangala 2nd Block,58
Koramangala 3rd Block,59
Koramangala 4th Block,60
Koramangala,61
Hosur Road,62
RT Nagar,63
Banaswadi,64
North Bangalore,65
Nagawara,66
Hennur,67
Kalyan Nagar,68
HBR Layout,69
Rammurthy Nagar,70
Thippasandra,71
CV Raman Nagar,72
Kaggadasapura,73
Kengeri,74
Sankey Road,75
Malleshwaram,76
Sanjay Nagar,77
Sadashiv Nagar,78
Basaveshwara Nagar,79
Rajajinagar,80
Yeshwantpur,81
New BEL Road,82
West Bangalore,83
Magadi Road,84
Yelahanka,85
Sahakara Nagar,86
Jalahalli,87
Hebbal,88
Nagarbhavi,89
Peenya,90
KR Puram,91
